Bestandsnaam,Bestandsonderwerp,Type bestand,Status
9424_LISS_background_survey_merged_for_importCBKV1,Import,Upload / import bestand,Available
9424_LISS_core_studies_long_updCBKV1.csv,Import,Upload / import bestand,Available
9424_LISS_core_studies_longCBKV1,Import,Upload / import bestand,Available
9424_ZYGV2_942420250724CBKV1,Import,Upload / import bestand,Available
BURENNETWERKTAB,PN,Catalogusbestand,Available
CIMS,CIMS,Catalogusbestand,Rejected
COLLEGANETWERKTAB,PN,Catalogusbestand,Available
DOODOORZTAB,DO,Catalogusbestand,Available
EIGENDOMTAB,EIGENDOMWOZ,Catalogusbestand,Available
EIGENDOMWOZBAGTAB,EIGENDOMWOZ,Catalogusbestand,Available
EIGENDOMWOZTAB,EIGENDOMWOZ,Catalogusbestand,Available
EXAMVOTAB,ONDERWIJSEXAMEN,Catalogusbestand,Available
FAMILIENETWERKTAB,PN,Catalogusbestand,Available
GBAADRESOBJECTBUS,GBAADRES,Catalogusbestand,Available
GBAHUISHOUDENSBUS,GBAHUISHOUDENS,Catalogusbestand,Available
GBAPERSOONKTAB,GBAPERSOON,Catalogusbestand,Available
GBAPERSOONTAB,GBAPERSOON,Catalogusbestand,Available
GBASCHEIDINGENMASSATAB,GBAPARTNER,Catalogusbestand,Available
GBAVERBINTENISPARTNERBUS,GBAPARTNER,Catalogusbestand,Available
GGZDBCTRAJECTENHOOFDDIAGTAB,GGZDBC,Catalogusbestand,Available
HDIPLOMAREGTAB,ONDERWIJSDIPLOMA,Catalogusbestand,Available
HUISGENOTENNETWERKTAB,PN,Catalogusbestand,Available
INPATAB,INKOMENSPERSONEN,Catalogusbestand,Available
KINDEROPVANGLOCATIES,KINDEROPVANGLOCATIES,Catalogusbestand,Available
KLASGENOTENNETWERKTAB,PN,Catalogusbestand,Available
LISS,LISS,Catalogusbestand,Available
MEDICIJNTAB,MEDICIJN,Catalogusbestand,Available
MSZPRESTATIESVEKTTAB,MSZ,Catalogusbestand,Available
MSZZORGACTIVITEITENVEKTTAB,MSZ,Catalogusbestand,Available
NCOACHTERGRONDSTABIEL,NCOACHTERGRONDSTABIEL,Maatwerkbestand,Available
NCOACHTERGRONDVARIABEL,NCOACHTERGRONDVARIABEL,Maatwerkbestand,Available
NCOBRINPO,NCOBRIN,Maatwerkbestand,Available
NCOBRINVO,NCOBRIN,Maatwerkbestand,Available
NCOHBO,NCOONDERWIJSDEELNEMERS,Maatwerkbestand,Available
NCOMBO,NCOONDERWIJSDEELNEMERS,Maatwerkbestand,Available
NCOPO,NCOONDERWIJSDEELNEMERS,Maatwerkbestand,Available
NCOPORUG,NCOONDERWIJSDEELNEMERSCOHORT,Maatwerkbestand,Available
NCOPOUITRUG,NCOONDERWIJSDEELNEMERSCOHORT,Maatwerkbestand,Available
NCOSO,NCOONDERWIJSDEELNEMERS,Maatwerkbestand,Available
NCOTOOL,NCOTOOL,Catalogusbestand,Available
NCOVAVO,NCOONDERWIJSDEELNEMERS,Maatwerkbestand,Available
NCOVO,NCOONDERWIJSDEELNEMERS,Maatwerkbestand,Available
NCOVORUG,NCOONDERWIJSDEELNEMERSCOHORT,Maatwerkbestand,Available
NCOWO,NCOONDERWIJSDEELNEMERS,Maatwerkbestand,Available
NIETVSLGTAB,GWB,Catalogusbestand,Available
RKTKINDERENTAB,KINDEROPVANG,Catalogusbestand,Available
SECMBUS,SECM,Catalogusbestand,Available
SPOLISBUS,SPOLIS,Catalogusbestand,Available
SPOLISLONGBAANTAB,POLISKOPPELBAAN,Catalogusbestand,Available
VEHTAB,VERMOGENHUISHOUDENS,Catalogusbestand,Available
VRLGBAGEBOORTEGEMEENTETAB,GBAGEBOORTEGEMEENTE,Catalogusbestand,Available
VRLGBAHUISHOUDENSBUS,GBAHUISHOUDENS,Catalogusbestand,Available
VRLGBAOVERLIJDENTAB,GBAOVERLIJDEN,Catalogusbestand,Available
VRLGBAPERSOONKTAB,GBAPERSOON,Catalogusbestand,Available
VRLGBAPERSOONTAB,GBAPERSOON,Catalogusbestand,Available
VSLGTAB,GWB,Catalogusbestand,Available
WOZ,WOZ,Catalogusbestand,Available
ZELFSTANDIGENMNDBEDRAGBUS,INKOMENSPERSONEN,Catalogusbestand,Available
ZVWZORGKOSTENTAB,ZORGKOSTEN,Catalogusbestand,Available
